Кол-во элементов;Кол-во перестановок;Кол-во итераций;Время на сортировку;Тип сортировки
0;0;0;0.000003;heapSort
100;640;839;0.000058;heapSort
200;1488;1887;0.000140;heapSort
300;2410;3009;0.000225;heapSort
400;3372;4171;0.000297;heapSort
500;4354;5353;0.000375;heapSort
600;5404;6603;0.000428;heapSort
700;6488;7887;0.000548;heapSort
800;7554;9153;0.000792;heapSort
900;8626;10425;0.000747;heapSort
1000;9708;11707;0.001129;heapSort
1100;10848;13047;0.001051;heapSort
1200;12004;14403;0.001316;heapSort
1300;13206;15805;0.001280;heapSort
1400;14364;17163;0.001270;heapSort
1500;15548;18547;0.001513;heapSort
1600;16662;19861;0.001399;heapSort
1700;17900;21299;0.001762;heapSort
1800;19068;22667;0.001850;heapSort
1900;20260;24059;0.001655;heapSort
2000;21300;25299;0.001573;heapSort
2100;22662;26861;0.001935;heapSort
2200;23944;28343;0.002222;heapSort
2300;25230;29829;0.002500;heapSort
2400;26518;31317;0.002168;heapSort
2500;27814;32813;0.002671;heapSort
2600;29104;34303;0.003138;heapSort
2700;30380;35779;0.002793;heapSort
2800;31672;37271;0.002804;heapSort
2900;32952;38751;0.002674;heapSort
3000;34252;40251;0.004555;heapSort
3100;35542;41741;0.002702;heapSort
3200;36828;43227;0.002971;heapSort
3300;38102;44701;0.002851;heapSort
3400;39410;46209;0.003627;heapSort
3500;40698;47697;0.004095;heapSort
3600;41988;49187;0.004024;heapSort
3700;43272;50671;0.003874;heapSort
3800;44558;52157;0.003894;heapSort
3900;45838;53637;0.005964;heapSort
4000;47142;55141;0.007315;heapSort
4100;48426;56625;0.004933;heapSort
4200;49814;58213;0.005057;heapSort
4300;51208;59807;0.004455;heapSort
4400;52594;61393;0.005889;heapSort
4500;53982;62981;0.006355;heapSort
4600;55372;64571;0.005009;heapSort
4700;56748;66147;0.005008;heapSort
4800;58146;67745;0.010521;heapSort
4900;59540;69339;0.005332;heapSort
5000;60932;70931;0.005804;heapSort
5100;62322;72521;0.007182;heapSort
5200;63710;74109;0.007280;heapSort
5300;65104;75703;0.005746;heapSort
5400;66504;77303;0.005473;heapSort
5500;67884;78883;0.005746;heapSort
5600;69264;80463;0.006029;heapSort
5700;70672;82071;0.006644;heapSort
5800;72052;83651;0.006207;heapSort
5900;73438;85237;0.006489;heapSort
6000;74828;86827;0.006580;heapSort
6100;76228;88427;0.006246;heapSort
6200;77616;90015;0.006708;heapSort
6300;78998;91597;0.007308;heapSort
6400;80404;93203;0.007016;heapSort
6500;81802;94801;0.009900;heapSort
6600;83174;96373;0.007643;heapSort
6700;84558;97957;0.007793;heapSort
6800;85948;99547;0.008143;heapSort
6900;87356;101155;0.007498;heapSort
7000;88764;102763;0.008538;heapSort
7100;90126;104325;0.008202;heapSort
7400;94296;109095;0.015839;heapSort
7500;95690;110689;0.008679;heapSort
7600;97070;112269;0.015476;heapSort
7700;98462;113861;0.013439;heapSort
7800;99854;115453;0.020729;heapSort
7900;101244;117043;0.009522;heapSort
8000;102638;118637;0.009735;heapSort
8100;104028;120227;0.009233;heapSort
8200;105420;121819;0.015042;heapSort
8300;106892;123491;0.009381;heapSort
8400;108362;125161;0.009913;heapSort
8500;109838;126837;0.021313;heapSort
8600;111312;128511;0.010741;heapSort
8700;112790;130189;0.013092;heapSort
8800;114250;131849;0.015884;heapSort
8900;115744;133543;0.012018;heapSort
9000;117222;135221;0.014349;heapSort
9100;118692;136891;0.012105;heapSort
9200;120168;138567;0.010754;heapSort
9300;121626;140225;0.015873;heapSort
9400;123102;141901;0.011892;heapSort
9500;124580;143579;0.012902;heapSort
9600;126050;145249;0.015131;heapSort
9700;127524;146923;0.013030;heapSort
9800;128990;148589;0.018574;heapSort
9900;130488;150287;0.015574;heapSort
10000;131956;151955;0.013852;heapSort
10100;133436;153635;0.011503;heapSort
10200;134908;155307;0.012866;heapSort
10300;136370;156969;0.013027;heapSort
10400;137854;158653;0.013192;heapSort
10500;139312;160311;0.013264;heapSort
10600;140792;161991;0.010960;heapSort
10700;142262;163661;0.011692;heapSort
10800;143736;165335;0.014269;heapSort
10900;145216;167015;0.014314;heapSort
11000;146686;168685;0.013919;heapSort
11100;148168;170367;0.012634;heapSort
11200;149634;172033;0.010874;heapSort
11300;151114;173713;0.013289;heapSort
11400;152586;175385;0.014414;heapSort
11500;154060;177059;0.014514;heapSort
11600;155526;178725;0.014646;heapSort
11700;157006;180405;0.014797;heapSort
11800;158478;182077;0.012869;heapSort
11900;159958;183757;0.014527;heapSort
12000;161432;185431;0.015097;heapSort
12100;162926;187125;0.014503;heapSort
12200;164404;188803;0.026096;heapSort
12300;165856;190455;0.014379;heapSort
12400;167318;192117;0.015741;heapSort
12500;168804;193803;0.016183;heapSort
12600;170270;195469;0.018523;heapSort
12700;171744;197143;0.015798;heapSort
12800;173210;198809;0.015893;heapSort
12900;174692;200491;0.034545;heapSort
13000;176158;202157;0.017826;heapSort
13100;177654;203853;0.017762;heapSort
13200;179124;205523;0.023133;heapSort
13300;180590;207189;0.023295;heapSort
13400;182058;208857;0.019576;heapSort
13500;183532;210531;0.018392;heapSort
13600;185006;212205;0.021055;heapSort
13700;186482;213881;0.017734;heapSort
13800;187948;215547;0.024788;heapSort
13900;189430;217229;0.031868;heapSort
14000;190912;218911;0.022838;heapSort
14100;192382;220581;0.024342;heapSort
14200;193854;222253;0.030998;heapSort
14300;195348;223947;0.025516;heapSort
14400;196800;225599;0.020394;heapSort
14500;198264;227263;0.019312;heapSort
14600;199744;228943;0.024311;heapSort
14700;201216;230615;0.019614;heapSort
14800;202682;232281;0.021753;heapSort
14900;204166;233965;0.021834;heapSort
15000;205644;235643;0.019400;heapSort
15100;207122;237321;0.025985;heapSort
15200;208586;238985;0.018982;heapSort
15300;210070;240669;0.029094;heapSort
15400;211548;242347;0.022182;heapSort
15500;213012;244011;0.021984;heapSort
15600;214482;245681;0.040465;heapSort
15700;215962;247361;0.027763;heapSort
15800;217438;249037;0.031954;heapSort
15900;218928;250727;0.034113;heapSort
16000;220380;252379;0.026765;heapSort
16100;221864;254063;0.031142;heapSort
16200;223328;255727;0.021743;heapSort
16300;224822;257421;0.021842;heapSort
16400;226306;259105;0.024774;heapSort
16500;227842;260841;0.023940;heapSort
16600;229360;262559;0.035313;heapSort
16700;230982;264381;0.021447;heapSort
16800;232542;266141;0.023704;heapSort
16900;234132;267931;0.022683;heapSort
17000;235696;269695;0.020783;heapSort
17100;237270;271469;0.020716;heapSort
17200;238840;273239;0.023164;heapSort
17300;240412;275011;0.020070;heapSort
17400;241992;276791;0.028335;heapSort
17500;243560;278559;0.023618;heapSort
17600;245128;280327;0.026851;heapSort
17700;246712;282111;0.027088;heapSort
17800;248278;283877;0.024394;heapSort
17900;249856;285655;0.025714;heapSort
18000;251428;287427;0.023075;heapSort
18100;253000;289199;0.024259;heapSort
18200;254568;290967;0.028387;heapSort
18300;256154;292753;0.023935;heapSort
18400;257724;294523;0.022589;heapSort
18500;259296;296295;0.023399;heapSort
18600;260872;298071;0.021299;heapSort
18700;262422;299821;0.022499;heapSort
18800;263984;301583;0.025346;heapSort
18900;265582;303381;0.024434;heapSort
19000;267138;305137;0.023994;heapSort
19100;268720;306919;0.030883;heapSort
19200;270294;308693;0.025777;heapSort
19300;271878;310477;0.026592;heapSort
19400;273432;312231;0.028592;heapSort
19500;275002;314001;0.025787;heapSort
19600;276586;315785;0.026371;heapSort
19700;278160;317559;0.038609;heapSort
19800;279726;319325;0.026373;heapSort
19900;281312;321111;0.026045;heapSort
20000;282878;322877;0.022178;heapSort
20100;284458;324657;0.023580;heapSort
20200;286018;326417;0.025545;heapSort
20300;287608;328207;0.026020;heapSort
20400;289168;329967;0.027375;heapSort
20500;290728;331727;0.032308;heapSort
20600;292302;333501;0.027856;heapSort
20700;293904;335303;0.027650;heapSort
20800;295458;337057;0.022925;heapSort
20900;297042;338841;0.027053;heapSort
21000;298608;340607;0.027061;heapSort
21100;300172;342371;0.029672;heapSort
21200;301750;344149;0.036324;heapSort
21300;303316;345915;0.026572;heapSort
21400;304886;347685;0.030233;heapSort
21500;306470;349469;0.029334;heapSort
21600;308024;351223;0.028103;heapSort
21700;309604;353003;0.026387;heapSort
21800;311176;354775;0.029414;heapSort
21900;312740;356539;0.028826;heapSort
22000;314314;358313;0.024912;heapSort
22100;315886;360085;0.029285;heapSort
22200;317472;361871;0.030084;heapSort
22300;319038;363637;0.025549;heapSort
22400;320616;365415;0.026936;heapSort
22500;322196;367195;0.030248;heapSort
22600;323736;368935;0.030366;heapSort
22700;325322;370721;0.028418;heapSort
22800;326896;372495;0.027112;heapSort
22900;328448;374247;0.027031;heapSort
23000;330012;376011;0.026314;heapSort
23100;331588;377787;0.026830;heapSort
23200;333164;379563;0.030558;heapSort
23300;334746;381345;0.029566;heapSort
23400;336314;383113;0.026071;heapSort
23500;337888;384887;0.028506;heapSort
23600;339450;386649;0.032509;heapSort
23700;341042;388441;0.031397;heapSort
23800;342600;390199;0.026639;heapSort
23900;344178;391977;0.034490;heapSort
24000;345768;393767;0.030965;heapSort
24100;347330;395529;0.033471;heapSort
24200;348910;397309;0.032822;heapSort
24300;350476;399075;0.034118;heapSort
24400;352044;400843;0.035508;heapSort
24500;353638;402637;0.035558;heapSort
24600;355196;404395;0.038011;heapSort
24700;356752;406151;0.035120;heapSort
24800;358320;407919;0.044291;heapSort
24900;359904;409703;0.036383;heapSort
25000;361454;411453;0.036120;heapSort
25100;363044;413243;0.033630;heapSort
25200;364616;415015;0.033842;heapSort
25300;366186;416785;0.033885;heapSort
25400;367768;418567;0.031673;heapSort
25500;369328;420327;0.036726;heapSort
25600;370898;422097;0.044533;heapSort
25700;372496;423895;0.033862;heapSort
25800;374048;425647;0.032012;heapSort
25900;375624;427423;0.033601;heapSort
26000;377196;429195;0.037987;heapSort
26100;378776;430975;0.039887;heapSort
26200;380348;432747;0.047024;heapSort
26300;381902;434501;0.037459;heapSort
26400;383486;436285;0.030548;heapSort
26500;385074;438073;0.034228;heapSort
26600;386646;439845;0.034177;heapSort
26700;388212;441611;0.037302;heapSort
26800;389776;443375;0.036349;heapSort
26900;391368;445167;0.036628;heapSort
27000;392934;446933;0.037451;heapSort
27100;394506;448705;0.034373;heapSort
27200;396072;450471;0.037016;heapSort
27300;397634;452233;0.037303;heapSort
27400;399214;454013;0.039059;heapSort
27500;400786;455785;0.037659;heapSort
27600;402348;457547;0.036354;heapSort
27700;403936;459335;0.027240;heapSort
27800;405494;461093;0.037682;heapSort
27900;407084;462883;0.040739;heapSort
28000;408628;464627;0.038066;heapSort
28100;410228;466427;0.038243;heapSort
28200;411788;468187;0.035968;heapSort
28300;413360;469959;0.043791;heapSort
28400;414932;471731;0.039991;heapSort
28500;416504;473503;0.042073;heapSort
28600;418086;475285;0.041522;heapSort
28700;419668;477067;0.040912;heapSort
28800;421226;478825;0.042442;heapSort
28900;422792;480591;0.040665;heapSort
29000;424378;482377;0.040110;heapSort
29100;425948;484147;0.035301;heapSort
29200;427518;485917;0.041794;heapSort
29300;429092;487691;0.038780;heapSort
29400;430658;489457;0.039290;heapSort
29500;432238;491237;0.036266;heapSort
29600;433806;493005;0.038602;heapSort
29700;435386;494785;0.037524;heapSort
29800;436940;496539;0.043464;heapSort
29900;438532;498331;0.042552;heapSort
30000;440100;500099;0.037195;heapSort
30100;441668;501867;0.043455;heapSort
30200;443250;503649;0.035023;heapSort
30300;444812;505411;0.044769;heapSort
30400;446378;507177;0.044485;heapSort
30500;447962;508961;0.046103;heapSort
30600;449520;510719;0.042914;heapSort
30700;451104;512503;0.041983;heapSort
30800;452650;514249;0.044962;heapSort
30900;454236;516035;0.044720;heapSort
31000;455790;517789;0.046776;heapSort
31100;457364;519563;0.059890;heapSort
31200;458948;521347;0.045609;heapSort
31300;460526;523125;0.041098;heapSort
31400;462084;524883;0.044996;heapSort
31500;463654;526653;0.047051;heapSort
31600;465212;528411;0.044123;heapSort
31700;466804;530203;0.044733;heapSort
31800;468372;531971;0.046135;heapSort
31900;469954;533753;0.042575;heapSort
32000;471524;535523;0.054115;heapSort
32100;473104;537303;0.045493;heapSort
32200;474668;539067;0.039977;heapSort
32300;476240;540839;0.040107;heapSort
32400;477820;542619;0.047214;heapSort
32500;479386;544385;0.041141;heapSort
32600;480968;546167;0.045964;heapSort
32700;482536;547935;0.042967;heapSort
32800;484146;549745;0.041592;heapSort
32900;485852;551651;0.046606;heapSort
33000;487536;553535;0.047327;heapSort
33100;489190;555389;0.051506;heapSort
33200;490886;557285;0.046118;heapSort
33300;492562;559161;0.049898;heapSort
33400;494242;561041;0.045734;heapSort
33500;495930;562929;0.043131;heapSort
33600;497624;564823;0.046381;heapSort
33700;499300;566699;0.051892;heapSort
33800;500988;568587;0.050634;heapSort
33900;502630;570429;0.047006;heapSort
34000;504326;572325;0.045321;heapSort
34200;507700;576099;0.050395;heapSort
34300;509368;577967;0.047451;heapSort
34400;511056;579855;0.053616;heapSort
34500;512734;581733;0.056546;heapSort
34600;514418;583617;0.049599;heapSort
34700;516092;585491;0.044002;heapSort
34800;517780;587379;0.051650;heapSort
34900;519446;589245;0.053765;heapSort
35000;521128;591127;0.043952;heapSort
35100;522810;593009;0.047044;heapSort
35200;524506;594905;0.049901;heapSort
35300;526188;596787;0.049648;heapSort
35400;527850;598649;0.048545;heapSort
35500;529546;600545;0.043971;heapSort
35600;531220;602419;0.047270;heapSort
35700;532918;604317;0.058783;heapSort
35800;534586;606185;0.047760;heapSort
35900;536266;608065;0.050535;heapSort
36000;537952;609951;0.056316;heapSort
36100;539644;611843;0.053847;heapSort
36200;541314;613713;0.046832;heapSort
36300;543012;615611;0.048627;heapSort
36400;544688;617487;0.052151;heapSort
36500;546358;619357;0.047736;heapSort
36600;548038;621237;0.046581;heapSort
36700;549728;623127;0.048680;heapSort
36800;551414;625013;0.054271;heapSort
36900;553072;626871;0.049328;heapSort
37000;554754;628753;0.045585;heapSort
37100;556438;630637;0.054929;heapSort
37200;558110;632509;0.058988;heapSort
37300;559818;634417;0.050686;heapSort
37400;561482;636281;0.053366;heapSort
37500;563152;638151;0.051057;heapSort
37600;564834;640033;0.066431;heapSort
37700;566518;641917;0.051036;heapSort
37800;568218;643817;0.047070;heapSort
37900;569888;645687;0.050189;heapSort
38000;571572;647571;0.054595;heapSort
38100;573226;649425;0.051699;heapSort
38200;574926;651325;0.049758;heapSort
38300;576616;653215;0.052154;heapSort
38400;578276;655075;0.064159;heapSort
38500;579974;656973;0.058865;heapSort
38600;581652;658851;0.059285;heapSort
38700;583334;660733;0.055141;heapSort
38800;585016;662615;0.055950;heapSort
38900;586700;664499;0.052579;heapSort
39000;588372;666371;0.060200;heapSort
39100;590046;668245;0.055970;heapSort
39200;591740;670139;0.056379;heapSort
39300;593436;672035;0.058358;heapSort
39400;595120;673919;0.065927;heapSort
39500;596794;675793;0.058133;heapSort
39600;598464;677663;0.059148;heapSort
39700;600138;679537;0.065922;heapSort
39800;601822;681421;0.055014;heapSort
39900;603502;683301;0.057660;heapSort
40000;605202;685201;0.064869;heapSort
40100;606882;687081;0.057782;heapSort
40200;608548;688947;0.059561;heapSort
40300;610236;690835;0.061064;heapSort
40400;611906;692705;0.062726;heapSort
40500;613606;694605;0.055029;heapSort
40600;615268;696467;0.056384;heapSort
40700;616964;698363;0.058680;heapSort
40800;618646;700245;0.077417;heapSort
40900;620328;702127;0.058511;heapSort
41000;622018;704017;0.065776;heapSort
41100;623688;705887;0.058750;heapSort
41200;625366;707765;0.055634;heapSort
41300;627056;709655;0.060854;heapSort
41400;628750;711549;0.057230;heapSort
41500;630420;713419;0.055707;heapSort
41600;632102;715301;0.057845;heapSort
41700;633772;717171;0.067772;heapSort
41800;635466;719065;0.062366;heapSort
41900;637144;720943;0.059712;heapSort
42000;638822;722821;0.060587;heapSort
42100;640502;724701;0.052664;heapSort
42200;642188;726587;0.048244;heapSort
42300;643852;728451;0.056780;heapSort
42400;645540;730339;0.065832;heapSort
42500;647234;732233;0.055979;heapSort
42600;648904;734103;0.050522;heapSort
42700;650594;735993;0.060007;heapSort
42800;652290;737889;0.062301;heapSort
42900;653950;739749;0.061736;heapSort
43000;655646;741645;0.073977;heapSort
43100;657306;743505;0.073289;heapSort
43200;659000;745399;0.058126;heapSort
43300;660670;747269;0.048248;heapSort
43400;662334;749133;0.058776;heapSort
43500;664042;751041;0.063093;heapSort
43600;665716;752915;0.061675;heapSort
43700;667402;754801;0.057875;heapSort
43800;669080;756679;0.063691;heapSort
43900;670764;758563;0.064031;heapSort
44000;672466;760465;0.063214;heapSort
44100;674116;762315;0.065562;heapSort
44200;675804;764203;0.066880;heapSort
44300;677486;766085;0.066898;heapSort
44400;679186;767985;0.067724;heapSort
44500;680856;769855;0.061635;heapSort
44600;682532;771731;0.064105;heapSort
44700;684218;773617;0.066447;heapSort
44800;685900;775499;0.066707;heapSort
44900;687594;777393;0.061862;heapSort
45000;689270;779269;0.072048;heapSort
45100;690944;781143;0.068627;heapSort
45200;692594;782993;0.070240;heapSort
45300;694288;784887;0.068863;heapSort
45400;695964;786763;0.054619;heapSort
45500;697664;788663;0.062616;heapSort
45600;699330;790529;0.062340;heapSort
45700;701012;792411;0.064370;heapSort
45800;702728;794327;0.060731;heapSort
45900;704382;796181;0.074563;heapSort
46000;706066;798065;0.070658;heapSort
46100;707740;799939;0.061899;heapSort
46200;709424;801823;0.069724;heapSort
46300;711092;803691;0.067106;heapSort
46400;712796;805595;0.060459;heapSort
46500;714480;807479;0.077244;heapSort
46600;716142;809341;0.069768;heapSort
46700;717826;811225;0.065836;heapSort
46800;719512;813111;0.076155;heapSort
46900;721178;814977;0.075955;heapSort
47000;722876;816875;0.083504;heapSort
47100;724562;818761;0.074979;heapSort
47200;726226;820625;0.069098;heapSort
47300;727904;822503;0.073241;heapSort
47400;729592;824391;0.061861;heapSort
47500;731274;826273;0.064828;heapSort
47600;732958;828157;0.069183;heapSort
47700;734630;830029;0.066211;heapSort
47800;736318;831917;0.063078;heapSort
47900;737996;833795;0.070725;heapSort
48000;739682;835681;0.064563;heapSort
48100;741384;837583;0.066182;heapSort
48200;743042;839441;0.072209;heapSort
48300;744722;841321;0.069487;heapSort
48400;746408;843207;0.069599;heapSort
48500;748090;845089;0.073303;heapSort
48600;749780;846979;0.068876;heapSort
48700;751434;848833;0.078342;heapSort
48800;753122;850721;0.069793;heapSort
48900;754822;852621;0.064229;heapSort
49000;756514;854513;0.085048;heapSort
49100;758188;856387;0.064736;heapSort
49200;759844;858243;0.071629;heapSort
49300;761542;860141;0.069607;heapSort
49400;763220;862019;0.061741;heapSort
49500;764888;863887;0.075167;heapSort
49600;766598;865797;0.074392;heapSort
49700;768276;867675;0.069231;heapSort
49800;769936;869535;0.072681;heapSort
49900;771626;871425;0.073205;heapSort
50000;773304;873303;0.072710;heapSort
50100;774996;875195;0.077113;heapSort
50200;776662;877061;0.081695;heapSort
50300;778342;878941;0.077813;heapSort
50400;780020;880819;0.074352;heapSort
50500;781706;882705;0.068203;heapSort
50600;783380;884579;0.074307;heapSort
50700;785046;886445;0.073337;heapSort
50800;786738;888337;0.075031;heapSort
50900;788418;890217;0.077842;heapSort
51000;790110;892109;0.074071;heapSort
51100;791768;893967;0.066610;heapSort
51200;793478;895877;0.075232;heapSort
51300;795140;897739;0.071263;heapSort
51400;796802;899601;0.073372;heapSort
51500;798516;901515;0.084902;heapSort
51600;800192;903391;0.075190;heapSort
51700;801876;905275;0.077742;heapSort
51800;803562;907161;0.080022;heapSort
51900;805218;909017;0.063263;heapSort
52000;806920;910919;0.079439;heapSort
52100;808604;912803;0.071178;heapSort
52200;810292;914691;0.074636;heapSort
52300;811958;916557;0.096232;heapSort
52400;813648;918447;0.161191;heapSort
52500;815318;920317;0.088852;heapSort
52600;817002;922201;0.070248;heapSort
52700;818680;924079;0.081377;heapSort
52800;820380;925979;0.072977;heapSort
52900;822056;927855;0.082510;heapSort
53000;823732;929731;0.063716;heapSort
53100;825410;931609;0.068396;heapSort
53200;827094;933493;0.195892;heapSort
53300;828780;935379;0.087523;heapSort
53400;830458;937257;0.090881;heapSort
53500;832118;939117;0.078037;heapSort
53600;833810;941009;0.106180;heapSort
53700;835498;942897;0.086450;heapSort
53800;837188;944787;0.093347;heapSort
53900;838842;946641;0.080050;heapSort
54000;840530;948529;0.093246;heapSort
54100;842218;950417;0.076046;heapSort
54200;843900;952299;0.127659;heapSort
54300;845588;954187;0.105414;heapSort
54400;847250;956049;0.156840;heapSort
54500;848938;957937;0.088516;heapSort
54600;850618;959817;0.123738;heapSort
54700;852306;961705;0.117433;heapSort
54800;853980;963579;0.113969;heapSort
54900;855668;965467;0.096643;heapSort
55000;857352;967351;0.111618;heapSort
55100;859016;969215;0.120642;heapSort
55200;860718;971117;0.102226;heapSort
55300;862408;973007;0.103236;heapSort
55400;864070;974869;0.105140;heapSort
55500;865760;976759;0.095381;heapSort
55600;867442;978641;0.098412;heapSort
55700;869122;980521;0.108321;heapSort
55800;870804;982403;0.087880;heapSort
55900;872478;984277;0.089537;heapSort
56000;874172;986171;0.096789;heapSort
56100;875842;988041;0.138398;heapSort
56200;877524;989923;0.119817;heapSort
56300;879226;991825;0.135486;heapSort
56400;880890;993689;0.101559;heapSort
56500;882562;995561;0.101124;heapSort
56600;884236;997435;0.099441;heapSort
56700;885928;999327;0.101142;heapSort
56800;887620;1001219;0.117863;heapSort
56900;889296;1003095;0.091741;heapSort
57000;890988;1004987;0.111428;heapSort
57100;892666;1006865;0.105944;heapSort
57200;894342;1008741;0.124747;heapSort
57300;896028;1010627;0.108749;heapSort
57400;897708;1012507;0.117088;heapSort
57500;899376;1014375;0.105420;heapSort
57600;901070;1016269;0.112628;heapSort
57700;902764;1018163;0.100027;heapSort
57800;904428;1020027;0.107690;heapSort
57900;906132;1021931;0.101909;heapSort
58000;907786;1023785;0.100652;heapSort
58100;909468;1025667;0.124493;heapSort
58200;911164;1027563;0.097191;heapSort
58300;912862;1029461;0.100106;heapSort
58400;914520;1031319;0.113608;heapSort
58500;916188;1033187;0.123457;heapSort
58600;917866;1035065;0.114927;heapSort
58700;919544;1036943;0.126029;heapSort
58800;921248;1038847;0.111459;heapSort
58900;922912;1040711;0.119729;heapSort
59000;924614;1042613;0.112120;heapSort
59100;926286;1044485;0.106928;heapSort
59200;927974;1046373;0.113700;heapSort
59300;929642;1048241;0.106317;heapSort
59400;931330;1050129;0.125038;heapSort
59500;933000;1051999;0.092069;heapSort
59600;934674;1053873;0.101897;heapSort
59700;936388;1055787;0.103671;heapSort
59800;938066;1057665;0.133676;heapSort
59900;939738;1059537;0.125691;heapSort
60000;941416;1061415;0.113647;heapSort
60100;943100;1063299;0.147213;heapSort
60200;944786;1065185;0.127164;heapSort
60300;946462;1067061;0.107104;heapSort
60400;948150;1068949;0.113125;heapSort
60500;949832;1070831;0.104075;heapSort
60600;951490;1072689;0.118720;heapSort
60700;953174;1074573;0.114181;heapSort
60800;954860;1076459;0.119304;heapSort
60900;956558;1078357;0.121005;heapSort
61000;958222;1080221;0.103426;heapSort
61100;959904;1082103;0.109929;heapSort
61200;961610;1084009;0.116800;heapSort
61300;963246;1085845;0.109337;heapSort
61400;964964;1087763;0.105016;heapSort
61500;966616;1089615;0.116787;heapSort
61600;968310;1091509;0.125874;heapSort
61700;969998;1093397;0.127282;heapSort
61800;971668;1095267;0.097945;heapSort
61900;973368;1097167;0.099426;heapSort
62000;975028;1099027;0.096719;heapSort
62100;976708;1100907;0.095559;heapSort
62200;978394;1102793;0.094737;heapSort
62300;980074;1104673;0.102796;heapSort
62400;981762;1106561;0.088162;heapSort
62500;983430;1108429;0.110842;heapSort
62600;985108;1110307;0.101190;heapSort
62700;986784;1112183;0.098075;heapSort
62800;988472;1114071;0.108979;heapSort
62900;990168;1115967;0.208822;heapSort
63000;991836;1117835;0.121799;heapSort
63100;993522;1119721;0.120717;heapSort
63200;995214;1121613;0.112703;heapSort
63300;996894;1123493;0.156773;heapSort
63400;998562;1125361;0.133599;heapSort
63500;1000226;1127225;0.122300;heapSort
63600;1001934;1129133;0.123319;heapSort
63700;1003588;1130987;0.119905;heapSort
63800;1005294;1132893;0.158082;heapSort
63900;1006978;1134777;0.110187;heapSort
64000;1008668;1136667;0.107751;heapSort
64100;1010334;1138533;0.132430;heapSort
64200;1012006;1140405;0.132633;heapSort
64300;1013710;1142309;0.102357;heapSort
64400;1015390;1144189;0.104068;heapSort
64500;1017068;1146067;0.092332;heapSort
64600;1018746;1147945;0.096540;heapSort
64700;1020414;1149813;0.106290;heapSort
64800;1022104;1151703;0.111653;heapSort
64900;1023794;1153593;0.101958;heapSort
65000;1025486;1155485;0.100581;heapSort
65100;1027160;1157359;0.096111;heapSort
65200;1028846;1159245;0.099969;heapSort
65300;1030518;1161117;0.100761;heapSort
65400;1032214;1163013;0.105449;heapSort
65500;1033870;1164869;0.096837;heapSort
65600;1035630;1166829;0.117065;heapSort
65700;1037418;1168817;0.092661;heapSort
65800;1039210;1170809;0.090337;heapSort
65900;1041006;1172805;0.086579;heapSort
66000;1042788;1174787;0.107446;heapSort
66100;1044572;1176771;0.107985;heapSort
66200;1046374;1178773;0.142132;heapSort
66300;1048172;1180771;0.109580;heapSort
66400;1049922;1182721;0.136587;heapSort
66500;1051724;1184723;0.139854;heapSort
66600;1053500;1186699;0.136089;heapSort
66700;1055310;1188709;0.147376;heapSort
66800;1057086;1190685;0.129737;heapSort
66900;1058870;1192669;0.113433;heapSort
67000;1060678;1194677;0.152286;heapSort
67100;1062454;1196653;0.146821;heapSort
67200;1064236;1198635;0.145083;heapSort
67300;1066046;1200645;0.152737;heapSort
67400;1067820;1202619;0.132630;heapSort
67500;1069626;1204625;0.135362;heapSort
67600;1071396;1206595;0.133768;heapSort
67700;1073182;1208581;0.120880;heapSort
67800;1074980;1210579;0.123467;heapSort
67900;1076754;1212553;0.153863;heapSort
68000;1078542;1214541;0.153167;heapSort
68100;1080350;1216549;0.140573;heapSort
68200;1082144;1218543;0.126158;heapSort
68300;1083916;1220515;0.139410;heapSort
68400;1085704;1222503;0.166013;heapSort
68500;1087478;1224477;0.129209;heapSort
68600;1089284;1226483;0.129125;heapSort
68700;1091068;1228467;0.143408;heapSort
68800;1092852;1230451;0.149622;heapSort
68900;1094650;1232449;0.132606;heapSort
69000;1096420;1234419;0.123476;heapSort
69100;1098228;1236427;0.153041;heapSort
69200;1100016;1238415;0.151392;heapSort
69300;1101792;1240391;0.183001;heapSort
69400;1103568;1242367;0.107512;heapSort
69500;1105372;1244371;0.124812;heapSort
69600;1107162;1246361;0.134403;heapSort
69700;1108956;1248355;0.121387;heapSort
69800;1110732;1250331;0.102137;heapSort
69900;1112542;1252341;0.174402;heapSort
70000;1114302;1254301;0.156128;heapSort
70100;1116092;1256291;0.192713;heapSort
70200;1117880;1258279;0.139545;heapSort
70300;1119702;1260301;0.144340;heapSort
70400;1121478;1262277;0.130445;heapSort
70500;1123248;1264247;0.130227;heapSort
70600;1125066;1266265;0.136486;heapSort
70700;1126828;1268227;0.132835;heapSort
70800;1128612;1270211;0.186623;heapSort
70900;1130414;1272213;0.109432;heapSort
71000;1132184;1274183;0.147602;heapSort
71100;1133992;1276191;0.142367;heapSort
71200;1135772;1278171;0.124175;heapSort
71300;1137558;1280157;0.121968;heapSort
71400;1139356;1282155;0.136212;heapSort
71500;1141150;1284149;0.156669;heapSort
71600;1142942;1286141;0.138550;heapSort
71700;1144724;1288123;0.134427;heapSort
71800;1146510;1290109;0.183127;heapSort
71900;1148296;1292095;0.160322;heapSort
72000;1150062;1294061;0.123748;heapSort
72100;1151866;1296065;0.161322;heapSort
72200;1153656;1298055;0.098795;heapSort
72300;1155444;1300043;0.151820;heapSort
72400;1157246;1302045;0.122753;heapSort
72500;1159022;1304021;0.137291;heapSort
72600;1160814;1306013;0.145812;heapSort
72700;1162592;1307991;0.204349;heapSort
72800;1164390;1309989;0.138229;heapSort
72900;1166164;1311963;0.138283;heapSort
73000;1167956;1313955;0.152400;heapSort
73100;1169762;1315961;0.195747;heapSort
73200;1171554;1317953;0.159636;heapSort
73300;1173324;1319923;0.127205;heapSort
73400;1175126;1321925;0.146335;heapSort
73500;1176924;1323923;0.199561;heapSort
73600;1178702;1325901;0.188387;heapSort
73700;1180508;1327907;0.157632;heapSort
73800;1182264;1329863;0.160347;heapSort
73900;1184038;1331837;0.183189;heapSort
74000;1185846;1333845;0.223488;heapSort
74100;1187624;1335823;0.152458;heapSort
74200;1189420;1337819;0.179696;heapSort
74300;1191208;1339807;0.166020;heapSort
74400;1192994;1341793;0.150785;heapSort
74500;1194794;1343793;0.196026;heapSort
74600;1196574;1345773;0.127331;heapSort
74700;1198370;1347769;0.133199;heapSort
74800;1200148;1349747;0.117730;heapSort
74900;1201932;1351731;0.123788;heapSort
75000;1203722;1353721;0.123132;heapSort
75100;1205506;1355705;0.123619;heapSort
75200;1207288;1357687;0.117118;heapSort
75300;1209068;1359667;0.133090;heapSort
75400;1210862;1361661;0.119241;heapSort
75500;1212676;1363675;0.141227;heapSort
75600;1214466;1365665;0.132036;heapSort
75700;1216238;1367637;0.139919;heapSort
75800;1218014;1369613;0.132903;heapSort
75900;1219822;1371621;0.130449;heapSort
76000;1221610;1373609;0.112411;heapSort
76100;1223402;1375601;0.125872;heapSort
76200;1225184;1377583;0.152097;heapSort
76300;1226982;1379581;0.123922;heapSort
76400;1228752;1381551;0.141095;heapSort
76500;1230552;1383551;0.139149;heapSort
76600;1232354;1385553;0.139551;heapSort
76700;1234138;1387537;0.131855;heapSort
76800;1235902;1389501;0.149006;heapSort
76900;1237680;1391479;0.147357;heapSort
77000;1239504;1393503;0.137480;heapSort
77100;1241280;1395479;0.126576;heapSort
77200;1243070;1397469;0.126284;heapSort
77300;1244848;1399447;0.128286;heapSort
77400;1246630;1401429;0.147899;heapSort
77500;1248438;1403437;0.141979;heapSort
77600;1250210;1405409;0.142848;heapSort
77700;1251998;1407397;0.128943;heapSort
77800;1253814;1409413;0.142001;heapSort
77900;1255588;1411387;0.141588;heapSort
78000;1257372;1413371;0.158849;heapSort
78100;1259170;1415369;0.147423;heapSort
78200;1260948;1417347;0.138188;heapSort
78300;1262742;1419341;0.144343;heapSort
78400;1264520;1421319;0.114958;heapSort
78500;1266316;1423315;0.158758;heapSort
78600;1268106;1425305;0.134026;heapSort
78700;1269898;1427297;0.125649;heapSort
78800;1271694;1429293;0.124502;heapSort
78900;1273474;1431273;0.114094;heapSort
79000;1275266;1433265;0.119478;heapSort
79100;1277042;1435241;0.108384;heapSort
79200;1278808;1437207;0.115414;heapSort
79300;1280616;1439215;0.133208;heapSort
79400;1282416;1441215;0.197537;heapSort
79500;1284208;1443207;0.141076;heapSort
79700;1287780;1447179;0.142483;heapSort
79800;1289564;1449163;0.122138;heapSort
79900;1291358;1451157;0.152870;heapSort
80000;1293150;1453149;0.142453;heapSort
80100;1294938;1455137;0.130728;heapSort
80200;1296716;1457115;0.156768;heapSort
80300;1298504;1459103;0.155974;heapSort
80400;1300302;1461101;0.185016;heapSort
80500;1302074;1463073;0.171720;heapSort
80600;1303880;1465079;0.128702;heapSort
80700;1305680;1467079;0.137358;heapSort
80800;1307456;1469055;0.131328;heapSort
80900;1309244;1471043;0.126245;heapSort
81000;1311030;1473029;0.148817;heapSort
81100;1312816;1475015;0.146428;heapSort
81200;1314610;1477009;0.140456;heapSort
81300;1316382;1478981;0.138011;heapSort
81400;1318186;1480985;0.156595;heapSort
81500;1319982;1482981;0.177273;heapSort
81600;1321760;1484959;0.128336;heapSort
81700;1323550;1486949;0.141302;heapSort
81800;1325338;1488937;0.152611;heapSort
81900;1327132;1490931;0.170509;heapSort
82000;1328938;1492937;0.139818;heapSort
82100;1330694;1494893;0.157124;heapSort
82200;1332496;1496895;0.201278;heapSort
82300;1334288;1498887;0.151961;heapSort
82400;1336100;1500899;0.135169;heapSort
82500;1337846;1502845;0.116331;heapSort
82600;1339654;1504853;0.112082;heapSort
82700;1341446;1506845;0.103630;heapSort
82800;1343220;1508819;0.116904;heapSort
82900;1345010;1510809;0.106965;heapSort
83000;1346800;1512799;0.106433;heapSort
83100;1348616;1514815;0.103737;heapSort
83200;1350376;1516775;0.122608;heapSort
83300;1352164;1518763;0.104278;heapSort
83400;1353960;1520759;0.110911;heapSort
83500;1355754;1522753;0.111613;heapSort
83600;1357538;1524737;0.121057;heapSort
83700;1359328;1526727;0.106522;heapSort
83800;1361098;1528697;0.094139;heapSort
83900;1362912;1530711;0.097502;heapSort
84000;1364678;1532677;0.098187;heapSort
84100;1366470;1534669;0.088198;heapSort
84200;1368276;1536675;0.108089;heapSort
84300;1370062;1538661;0.090455;heapSort
84400;1371844;1540643;0.088970;heapSort
84500;1373640;1542639;0.093905;heapSort
84600;1375428;1544627;0.094123;heapSort
84700;1377206;1546605;0.095681;heapSort
84800;1379000;1548599;0.118032;heapSort
84900;1380782;1550581;0.104047;heapSort
85000;1382564;1552563;0.111408;heapSort
85100;1384372;1554571;0.115695;heapSort
85200;1386152;1556551;0.117077;heapSort
85300;1387926;1558525;0.101799;heapSort
85400;1389732;1560531;0.121145;heapSort
85500;1391522;1562521;0.104724;heapSort
85600;1393298;1564497;0.110558;heapSort
85700;1395068;1566467;0.133458;heapSort
85800;1396888;1568487;0.111220;heapSort
85900;1398660;1570459;0.129507;heapSort
86000;1400446;1572445;0.120064;heapSort
86100;1402238;1574437;0.097477;heapSort
86200;1404026;1576425;0.092383;heapSort
86300;1405834;1578433;0.100858;heapSort
86400;1407618;1580417;0.095685;heapSort
86500;1409414;1582413;0.096249;heapSort
86600;1411190;1584389;0.092914;heapSort
86700;1412964;1586363;0.103569;heapSort
86800;1414766;1588365;0.097981;heapSort
86900;1416540;1590339;0.100567;heapSort
87000;1418344;1592343;0.094099;heapSort
87100;1420128;1594327;0.136225;heapSort
87200;1421908;1596307;0.107095;heapSort
87300;1423712;1598311;0.097325;heapSort
87400;1425482;1600281;0.104504;heapSort
87500;1427290;1602289;0.094044;heapSort
87600;1429082;1604281;0.104520;heapSort
87700;1430858;1606257;0.107802;heapSort
87800;1432650;1608249;0.103291;heapSort
87900;1434430;1610229;0.095268;heapSort
88000;1436244;1612243;0.093162;heapSort
88100;1438014;1614213;0.098478;heapSort
88200;1439800;1616199;0.100303;heapSort
88300;1441582;1618181;0.094252;heapSort
88400;1443386;1620185;0.123021;heapSort
88500;1445160;1622159;0.097236;heapSort
88600;1446952;1624151;0.108113;heapSort
88700;1448728;1626127;0.120490;heapSort
88800;1450540;1628139;0.100898;heapSort
88900;1452316;1630115;0.106534;heapSort
89000;1454094;1632093;0.131471;heapSort
89100;1455900;1634099;0.106726;heapSort
89200;1457678;1636077;0.108948;heapSort
89300;1459462;1638061;0.099403;heapSort
89400;1461264;1640063;0.106091;heapSort
89500;1463048;1642047;0.103038;heapSort
89600;1464826;1644025;0.098708;heapSort
89700;1466616;1646015;0.101150;heapSort
89800;1468432;1648031;0.099215;heapSort
89900;1470226;1650025;0.100796;heapSort
90000;1471998;1651997;0.101641;heapSort
90100;1473808;1654007;0.102554;heapSort
90200;1475564;1655963;0.107636;heapSort
90300;1477382;1657981;0.125729;heapSort
90400;1479170;1659969;0.114875;heapSort
90500;1480940;1661939;0.105212;heapSort
90600;1482734;1663933;0.096915;heapSort
90700;1484508;1665907;0.097156;heapSort
90800;1486322;1667921;0.096443;heapSort
90900;1488118;1669917;0.127516;heapSort
91000;1489896;1671895;0.146567;heapSort
91100;1491678;1673877;0.109454;heapSort
91200;1493476;1675875;0.100105;heapSort
91300;1495260;1677859;0.103969;heapSort
91400;1497028;1679827;0.105216;heapSort
91500;1498818;1681817;0.109760;heapSort
91600;1500632;1683831;0.103181;heapSort
91700;1502402;1685801;0.097431;heapSort
91800;1504196;1687795;0.108283;heapSort
91900;1506006;1689805;0.128460;heapSort
92000;1507778;1691777;0.103043;heapSort
92100;1509568;1693767;0.100673;heapSort
92200;1511372;1695771;0.099646;heapSort
92300;1513144;1697743;0.104725;heapSort
92400;1514922;1699721;0.123823;heapSort
92500;1516716;1701715;0.109125;heapSort
92600;1518506;1703705;0.102782;heapSort
92700;1520288;1705687;0.108556;heapSort
92800;1522086;1707685;0.104352;heapSort
92900;1523862;1709661;0.105579;heapSort
93000;1525646;1711645;0.104556;heapSort
93100;1527448;1713647;0.104135;heapSort
93200;1529244;1715643;0.102624;heapSort
93300;1531006;1717605;0.103262;heapSort
93400;1532822;1719621;0.101830;heapSort
93500;1534598;1721597;0.121117;heapSort
93600;1536392;1723591;0.147734;heapSort
93700;1538184;1725583;0.151249;heapSort
93800;1539970;1727569;0.151034;heapSort
93900;1541758;1729557;0.122112;heapSort
94000;1543550;1731549;0.115976;heapSort
94100;1545324;1733523;0.118559;heapSort
94200;1547128;1735527;0.123415;heapSort
94300;1548916;1737515;0.127682;heapSort
94400;1550684;1739483;0.123665;heapSort
94500;1552474;1741473;0.143077;heapSort
94600;1554258;1743457;0.125217;heapSort
94700;1556072;1745471;0.122808;heapSort
94800;1557840;1747439;0.147052;heapSort
94900;1559622;1749421;0.115385;heapSort
95000;1561412;1751411;0.115111;heapSort
95100;1563222;1753421;0.116422;heapSort
95200;1564998;1755397;0.110962;heapSort
95300;1566794;1757393;0.130094;heapSort
95400;1568590;1759389;0.127703;heapSort
95500;1570370;1761369;0.133470;heapSort
95600;1572128;1763327;0.114062;heapSort
95700;1573938;1765337;0.119065;heapSort
95800;1575728;1767327;0.113809;heapSort
95900;1577526;1769325;0.105161;heapSort
96000;1579298;1771297;0.109250;heapSort
96100;1581080;1773279;0.101582;heapSort
96200;1582906;1775305;0.101904;heapSort
96300;1584684;1777283;0.102870;heapSort
96400;1586466;1779265;0.119483;heapSort
96500;1588242;1781241;0.117680;heapSort
96600;1590000;1783199;0.122075;heapSort
96700;1591824;1785223;0.122287;heapSort
96800;1593620;1787219;0.105954;heapSort
96900;1595412;1789211;0.123962;heapSort
97000;1597182;1791181;0.152713;heapSort
97100;1598982;1793181;0.118435;heapSort
97200;1600764;1795163;0.104252;heapSort
97300;1602542;1797141;0.104896;heapSort
97400;1604348;1799147;0.119239;heapSort
97500;1606140;1801139;0.131286;heapSort
97600;1607912;1803111;0.115870;heapSort
97700;1609704;1805103;0.127852;heapSort
97800;1611498;1807097;0.105079;heapSort
97900;1613296;1809095;0.129451;heapSort
98000;1615094;1811093;0.132579;heapSort
98100;1616854;1813053;0.120707;heapSort
98200;1618664;1815063;0.113261;heapSort
98300;1620436;1817035;0.121316;heapSort
98400;1622234;1819033;0.111798;heapSort
98500;1624024;1821023;0.110383;heapSort
98600;1625852;1823051;0.104311;heapSort
98700;1627598;1824997;0.107894;heapSort
98800;1629396;1826995;0.113101;heapSort
98900;1631176;1828975;0.125471;heapSort
99000;1632980;1830979;0.113309;heapSort
99100;1634766;1832965;0.106633;heapSort
99200;1636560;1834959;0.132025;heapSort
99300;1638344;1836943;0.133208;heapSort
99400;1640120;1838919;0.147989;heapSort
99500;1641920;1840919;0.135645;heapSort
99600;1643694;1842893;0.128438;heapSort
99700;1645504;1844903;0.130997;heapSort
99800;1647296;1846895;0.118290;heapSort
99900;1649070;1848869;0.117871;heapSort
100000;1650854;1850853;0.108414;heapSort
100100;1652674;1852873;0.159358;heapSort
100200;1654438;1854837;0.121197;heapSort
100300;1656226;1856825;0.111907;heapSort
100400;1658004;1858803;0.130662;heapSort
100500;1659818;1860817;0.120058;heapSort
100600;1661588;1862787;0.124779;heapSort
100700;1663380;1864779;0.110241;heapSort
100800;1665158;1866757;0.154608;heapSort
0;0;0;0.000002;heapSort
1000;9708;11707;0.000835;heapSort
2000;21300;25299;0.002462;heapSort
3000;34252;40251;0.003481;heapSort
4000;47142;55141;0.004263;heapSort
5000;60932;70931;0.005445;heapSort
6000;74828;86827;0.006606;heapSort
7000;88764;102763;0.009182;heapSort
8000;102638;118637;0.010870;heapSort
9000;117222;135221;0.013125;heapSort
10000;131956;151955;0.013827;heapSort
11000;146686;168685;0.014351;heapSort
12000;161432;185431;0.014053;heapSort
13000;176158;202157;0.015623;heapSort
14000;190912;218911;0.015722;heapSort
15000;205644;235643;0.019650;heapSort
16000;220380;252379;0.020156;heapSort
17000;235696;269695;0.021457;heapSort
18000;251428;287427;0.021208;heapSort
19000;267138;305137;0.019887;heapSort
20000;282878;322877;0.021189;heapSort
21000;298608;340607;0.027514;heapSort
22000;314314;358313;0.030126;heapSort
23000;330012;376011;0.028441;heapSort
24000;345768;393767;0.029347;heapSort
25000;361454;411453;0.028622;heapSort
26000;377196;429195;0.029034;heapSort
27000;392934;446933;0.038110;heapSort
28000;408628;464627;0.039456;heapSort
29000;424378;482377;0.041215;heapSort
30000;440100;500099;0.046541;heapSort
31000;455790;517789;0.044353;heapSort
32000;471524;535523;0.045966;heapSort
33000;487536;553535;0.053529;heapSort
34000;504326;572325;0.048028;heapSort
35000;521128;591127;0.044777;heapSort
36000;537952;609951;0.049807;heapSort
37000;554754;628753;0.047088;heapSort
38000;571572;647571;0.058747;heapSort
39000;588372;666371;0.051282;heapSort
40000;605202;685201;0.050996;heapSort
41000;622018;704017;0.054173;heapSort
42000;638822;722821;0.048727;heapSort
43000;655646;741645;0.051684;heapSort
44000;672466;760465;0.063032;heapSort
45000;689270;779269;0.064584;heapSort
46000;706066;798065;0.062203;heapSort
47000;722876;816875;0.069743;heapSort
48000;739682;835681;0.083799;heapSort
49000;756514;854513;0.076069;heapSort
50000;773304;873303;0.068252;heapSort
51000;790110;892109;0.082925;heapSort
52000;806920;910919;0.086989;heapSort
53000;823732;929731;0.075407;heapSort
54000;840530;948529;0.080749;heapSort
55000;857352;967351;0.076508;heapSort
56000;874172;986171;0.074419;heapSort
57000;890988;1004987;0.076577;heapSort
58000;907786;1023785;0.079171;heapSort
59000;924614;1042613;0.084256;heapSort
60000;941416;1061415;0.093455;heapSort
61000;958222;1080221;0.092662;heapSort
62000;975028;1099027;0.097177;heapSort
63000;991836;1117835;0.099220;heapSort
64000;1008668;1136667;0.095325;heapSort
65000;1025486;1155485;0.097551;heapSort
66000;1042788;1174787;0.087457;heapSort
67000;1060678;1194677;0.092346;heapSort
68000;1078542;1214541;0.091505;heapSort
69000;1096420;1234419;0.093970;heapSort
70000;1114302;1254301;0.115314;heapSort
71000;1132184;1274183;0.112792;heapSort
72000;1150062;1294061;0.121008;heapSort
73000;1167956;1313955;0.186424;heapSort
74000;1185846;1333845;0.221592;heapSort
75000;1203722;1353721;0.132338;heapSort
76000;1221610;1373609;0.137541;heapSort
77000;1239504;1393503;0.155756;heapSort
78000;1257372;1413371;0.128326;heapSort
79000;1275266;1433265;0.128232;heapSort
80000;1293150;1453149;0.094311;heapSort
81000;1311030;1473029;0.063776;heapSort
82000;1328938;1492937;0.061779;heapSort
83000;1346800;1512799;0.061169;heapSort
84000;1364678;1532677;0.062652;heapSort
85000;1382564;1552563;0.068760;heapSort
86000;1400446;1572445;0.070289;heapSort
87000;1418344;1592343;0.071546;heapSort
88000;1436244;1612243;0.067040;heapSort
89000;1454094;1632093;0.074072;heapSort
90000;1471998;1651997;0.080018;heapSort
91000;1489896;1671895;0.081408;heapSort
92000;1507778;1691777;0.067672;heapSort
93000;1525646;1711645;0.063284;heapSort
94000;1543550;1731549;0.069844;heapSort
95000;1561412;1751411;0.066629;heapSort
96000;1579298;1771297;0.066554;heapSort
97000;1597182;1791181;0.068353;heapSort
98000;1615094;1811093;0.057726;heapSort
99000;1632980;1830979;0.062019;heapSort
100000;1650854;1850853;0.068147;heapSort
101000;1668758;1870757;0.071486;heapSort
102000;1686628;1890627;0.078109;heapSort
103000;1704516;1910515;0.086269;heapSort
104000;1722398;1930397;0.078356;heapSort
105000;1740280;1950279;0.075910;heapSort
106000;1758162;1970161;0.082546;heapSort
107000;1776046;1990045;0.074364;heapSort
108000;1793914;2009913;0.083042;heapSort
109000;1811808;2029807;0.078713;heapSort
110000;1829700;2049699;0.084481;heapSort
111000;1847588;2069587;0.088488;heapSort
112000;1865458;2089457;0.082855;heapSort
113000;1883352;2109351;0.084356;heapSort
114000;1901228;2129227;0.093197;heapSort
115000;1919102;2149101;0.084934;heapSort
116000;1937002;2169001;0.096749;heapSort
117000;1954854;2188853;0.091038;heapSort
118000;1972750;2208749;0.095921;heapSort
119000;1990632;2228631;0.090122;heapSort
120000;2008520;2248519;0.089483;heapSort
121000;2026410;2268409;0.081303;heapSort
122000;2044300;2288299;0.090723;heapSort
123000;2062178;2308177;0.096302;heapSort
124000;2080084;2328083;0.108519;heapSort
125000;2097962;2347961;0.109877;heapSort
126000;2115842;2367841;0.102769;heapSort
127000;2133704;2387703;0.100702;heapSort
128000;2151606;2407605;0.122515;heapSort
129000;2169492;2427491;0.119737;heapSort
130000;2187388;2447387;0.106088;heapSort
131000;2205242;2467241;0.102928;heapSort
132000;2223904;2487903;0.099805;heapSort
133000;2242674;2508673;0.122334;heapSort
134000;2261394;2529393;0.120239;heapSort
135000;2280158;2550157;0.125260;heapSort
136000;2298918;2570917;0.123622;heapSort
137000;2317688;2591687;0.128975;heapSort
138000;2336434;2612433;0.119837;heapSort
139000;2355192;2633191;0.126131;heapSort
140000;2373918;2653917;0.138326;heapSort
141000;2392714;2674713;0.126333;heapSort
142000;2411454;2695453;0.114784;heapSort
143000;2430210;2716209;0.141644;heapSort
144000;2448968;2736967;0.130212;heapSort
145000;2467714;2757713;0.124425;heapSort
146000;2486472;2778471;0.124933;heapSort
147000;2505234;2799233;0.108809;heapSort
148000;2523996;2819995;0.149125;heapSort
149000;2542766;2840765;0.136247;heapSort
150000;2561518;2861517;0.150710;heapSort
151000;2580256;2882255;0.136781;heapSort
152000;2598990;2902989;0.138142;heapSort
153000;2617786;2923785;0.110617;heapSort
154000;2636492;2944491;0.125874;heapSort
155000;2655272;2965271;0.127786;heapSort
156000;2674022;2986021;0.105266;heapSort
157000;2692796;3006795;0.127336;heapSort
158000;2711534;3027533;0.114925;heapSort
159000;2730270;3048269;0.115143;heapSort
160000;2749004;3069003;0.130975;heapSort
161000;2767790;3089789;0.118524;heapSort
162000;2786518;3110517;0.113376;heapSort
163000;2805290;3131289;0.132910;heapSort
164000;2824016;3152015;0.118154;heapSort
165000;2842798;3172797;0.120784;heapSort
166000;2861512;3193511;0.111215;heapSort
167000;2880306;3214305;0.130024;heapSort
168000;2899046;3235045;0.107607;heapSort
169000;2917820;3255819;0.130494;heapSort
170000;2936554;3276553;0.159985;heapSort
171000;2955314;3297313;0.160675;heapSort
172000;2974068;3318067;0.112904;heapSort
173000;2992836;3338835;0.125117;heapSort
174000;3011542;3359541;0.121082;heapSort
175000;3030322;3380321;0.116815;heapSort
176000;3049072;3401071;0.131910;heapSort
177000;3067824;3421823;0.117670;heapSort
178000;3086566;3442565;0.158711;heapSort
179000;3105346;3463345;0.154745;heapSort
180000;3124080;3484079;0.141075;heapSort
181000;3142864;3504863;0.131821;heapSort
182000;3161588;3525587;0.140679;heapSort
183000;3180394;3546393;0.126511;heapSort
184000;3199126;3567125;0.141534;heapSort
185000;3217878;3587877;0.133093;heapSort
186000;3236612;3608611;0.132850;heapSort
187000;3255366;3629365;0.122489;heapSort
188000;3274124;3650123;0.126709;heapSort
189000;3292892;3670891;0.141355;heapSort
190000;3311612;3691611;0.122906;heapSort
191000;3330392;3712391;0.115700;heapSort
192000;3349136;3733135;0.111865;heapSort
193000;3367904;3753903;0.116927;heapSort
194000;3386628;3774627;0.121382;heapSort
195000;3405382;3795381;0.126327;heapSort
196000;3424124;3816123;0.135355;heapSort
197000;3442872;3836871;0.154870;heapSort
198000;3461610;3857609;0.125030;heapSort
199000;3480370;3878369;0.150917;heapSort
200000;3499160;3899159;0.124099;heapSort
201000;3517886;3919885;0.128610;heapSort
202000;3536648;3940647;0.130588;heapSort
203000;3555392;3961391;0.144222;heapSort
204000;3574178;3982177;0.139554;heapSort
205000;3592926;4002925;0.136419;heapSort
206000;3611664;4023663;0.126228;heapSort
207000;3630412;4044411;0.145405;heapSort
208000;3649180;4065179;0.129258;heapSort
209000;3667938;4085937;0.132860;heapSort
210000;3686680;4106679;0.126880;heapSort
211000;3705462;4127461;0.147139;heapSort
212000;3724184;4148183;0.147436;heapSort
213000;3742916;4168915;0.158189;heapSort
214000;3761722;4189721;0.134493;heapSort
215000;3780474;4210473;0.135901;heapSort
216000;3799236;4231235;0.132393;heapSort
217000;3817954;4251953;0.133498;heapSort
218000;3836726;4272725;0.148601;heapSort
219000;3855474;4293473;0.167580;heapSort
220000;3874234;4314233;0.166912;heapSort
221000;3892988;4334987;0.150402;heapSort
222000;3911740;4355739;0.134919;heapSort
223000;3930478;4376477;0.164616;heapSort
224000;3949246;4397245;0.138013;heapSort
225000;3967992;4417991;0.132987;heapSort
226000;3986724;4438723;0.137922;heapSort
227000;4005478;4459477;0.152665;heapSort
228000;4024242;4480241;0.163195;heapSort
229000;4043030;4501029;0.144998;heapSort
230000;4061724;4521723;0.149720;heapSort
231000;4080492;4542491;0.141039;heapSort
232000;4099254;4563253;0.150217;heapSort
233000;4118004;4584003;0.154148;heapSort
234000;4136768;4604767;0.145519;heapSort
235000;4155532;4625531;0.152836;heapSort
236000;4174278;4646277;0.173959;heapSort
237000;4193042;4667041;0.147751;heapSort
238000;4211760;4687759;0.137418;heapSort
239000;4230522;4708521;0.141829;heapSort
240000;4249302;4729301;0.159794;heapSort
241000;4268050;4750049;0.134027;heapSort
242000;4286790;4770789;0.156829;heapSort
243000;4305534;4791533;0.146269;heapSort
244000;4324314;4812313;0.144143;heapSort
245000;4343094;4833093;0.134309;heapSort
246000;4361812;4853811;0.135866;heapSort
247000;4380604;4874603;0.142206;heapSort
248000;4399352;4895351;0.136094;heapSort
249000;4418126;4916125;0.138442;heapSort
250000;4436832;4936831;0.157333;heapSort
251000;4455602;4957601;0.168114;heapSort
252000;4474360;4978359;0.143651;heapSort
253000;4493118;4999117;0.140057;heapSort
254000;4511848;5019847;0.156827;heapSort
255000;4530604;5040603;0.139385;heapSort
256000;4549378;5061377;0.143606;heapSort
257000;4568122;5082121;0.163082;heapSort
258000;4586868;5102867;0.159611;heapSort
259000;4605630;5123629;0.146151;heapSort
260000;4624370;5144369;0.139645;heapSort
261000;4643156;5165155;0.146259;heapSort
262000;4661892;5185891;0.157799;heapSort
263000;4681496;5207495;0.153842;heapSort
264000;4701158;5229157;0.146215;heapSort
265000;4720990;5250989;0.144608;heapSort
266000;4740124;5272123;0.181179;heapSort
267000;4760566;5294565;0.171101;heapSort
268000;4780050;5316049;0.149775;heapSort
269000;4800078;5338077;0.148550;heapSort
270000;4819068;5359067;0.174809;heapSort
271000;4839664;5381663;0.166875;heapSort
272000;4858962;5402961;0.160273;heapSort
273000;4879150;5425149;0.180258;heapSort
274000;4897988;5445987;0.156405;heapSort
275000;4918724;5468723;0.155426;heapSort
276000;4937822;5489821;0.153409;heapSort
277000;4958252;5512251;0.159097;heapSort
278000;4976916;5532915;0.160872;heapSort
279000;4997764;5555763;0.152809;heapSort
280000;5016730;5576729;0.175767;heapSort
281000;5037278;5599277;0.169657;heapSort
282000;5055814;5619813;0.170020;heapSort
283000;5076834;5642833;0.160318;heapSort
284000;5095628;5663627;0.171024;heapSort
285000;5116362;5686361;0.154771;heapSort
286000;5134752;5706751;0.164271;heapSort
287000;5155940;5729939;0.184064;heapSort
288000;5174558;5750557;0.170544;heapSort
289000;5195434;5773433;0.181364;heapSort
290000;5213696;5793695;0.168124;heapSort
291000;5234976;5816975;0.166094;heapSort
292000;5253410;5837409;0.180978;heapSort
293000;5274518;5860517;0.199365;heapSort
294000;5292596;5880595;0.194022;heapSort
295000;5314004;5904003;0.189417;heapSort
296000;5332290;5924289;0.176934;heapSort
297000;5353542;5947541;0.172720;heapSort
298000;5371542;5967541;0.181590;heapSort
299000;5393100;5991099;0.212905;heapSort
300000;5411160;6011159;0.168124;heapSort
301000;5432600;6034599;0.177249;heapSort
302000;5450472;6054471;0.172268;heapSort
303000;5472156;6078155;0.180229;heapSort
304000;5490094;6098093;0.183315;heapSort
305000;5511686;6121685;0.191572;heapSort
306000;5529408;6141407;0.181591;heapSort
307000;5551244;6165243;0.183577;heapSort
308000;5568964;6184963;0.176219;heapSort
309000;5590748;6208747;0.186145;heapSort
310000;5608332;6228331;0.182335;heapSort
311000;5630318;6252317;0.194333;heapSort
312000;5647872;6271871;0.176161;heapSort
313000;5669830;6295829;0.181167;heapSort
314000;5687246;6315245;0.181933;heapSort
315000;5709366;6339365;0.188038;heapSort
316000;5726722;6358721;0.192945;heapSort
317000;5748886;6382885;0.203938;heapSort
318000;5766152;6402151;0.185879;heapSort
319000;5788446;6426445;0.199220;heapSort
320000;5805636;6445635;0.189933;heapSort
321000;5827942;6469941;0.206583;heapSort
322000;5845086;6489085;0.193077;heapSort
323000;5867524;6513523;0.203426;heapSort
324000;5884530;6532529;0.207417;heapSort
325000;5907028;6557027;0.228626;heapSort
326000;5924000;6575999;0.231391;heapSort
327000;5946576;6600575;0.232323;heapSort
328000;5963404;6619403;0.254257;heapSort
329000;5986098;6644097;0.249332;heapSort
330000;6005678;6665677;0.198069;heapSort
331000;6025610;6687609;0.193034;heapSort
332000;6042290;6706289;0.204364;heapSort
333000;6065150;6731149;0.216300;heapSort
334000;6084574;6752573;0.193169;heapSort
335000;6104710;6774709;0.195877;heapSort
336000;6121246;6793245;0.203759;heapSort
337000;6144240;6818239;0.194478;heapSort
338000;6163482;6839481;0.196447;heapSort
339000;6183778;6861777;0.250694;heapSort
340000;6200100;6880099;0.228182;heapSort
341000;6223308;6905307;0.234075;heapSort
342000;6242332;6926331;0.199208;heapSort
343000;6262834;6948833;0.221655;heapSort
344000;6279010;6967009;0.207947;heapSort
345000;6302330;6992329;0.196838;heapSort
346000;6321260;7013259;0.205556;heapSort
347000;6341902;7035901;0.208827;heapSort
348000;6357868;7053867;0.204356;heapSort
349000;6381398;7079397;0.218575;heapSort
350000;6400142;7100141;0.203607;heapSort
351000;6420974;7122973;0.207405;heapSort
352000;6436818;7140817;0.228250;heapSort
353000;6460486;7166485;0.241921;heapSort
354000;6479062;7187061;0.209579;heapSort
355000;6500038;7210037;0.210836;heapSort
356000;6515652;7227651;0.209648;heapSort
357000;6539556;7253555;0.200527;heapSort
358000;6557944;7273943;0.198610;heapSort
359000;6579102;7297101;0.237910;heapSort
360000;6594554;7314553;0.212576;heapSort
361000;6618630;7340629;0.221237;heapSort
362000;6636866;7360865;0.207047;heapSort
363000;6658150;7384149;0.204504;heapSort
364000;6673428;7401427;0.216654;heapSort
365000;6697696;7427695;0.206427;heapSort
366000;6715792;7447791;0.203068;heapSort
367000;6737264;7471263;0.205505;heapSort
368000;6752324;7488323;0.203011;heapSort
369000;6776732;7514731;0.209873;heapSort
370000;6794680;7534679;0.224279;heapSort
371000;6816314;7558313;0.259199;heapSort
372000;6831218;7575217;0.218058;heapSort
373000;6855862;7601861;0.207805;heapSort
374000;6873542;7621541;0.211724;heapSort
375000;6895378;7645377;0.207752;heapSort
376000;6910082;7662081;0.221644;heapSort
377000;6934904;7688903;0.214787;heapSort
378000;6952464;7708463;0.210082;heapSort
379000;6974430;7732429;0.220879;heapSort
380000;6988978;7748977;0.230410;heapSort
381000;7013976;7775975;0.226252;heapSort
382000;7031364;7795363;0.219145;heapSort
383000;7053522;7819521;0.217495;heapSort
384000;7067894;7835893;0.224047;heapSort
385000;7093018;7863017;0.220799;heapSort
386000;7110276;7882275;0.250154;heapSort
387000;7132596;7906595;0.229773;heapSort
388000;7146770;7922769;0.219386;heapSort
389000;7172072;7950071;0.215018;heapSort
390000;7189164;7969163;0.213281;heapSort
391000;7211646;7993645;0.217606;heapSort
392000;7225690;8009689;0.215954;heapSort
393000;7251168;8037167;0.217332;heapSort
394000;7270392;8058391;0.218457;heapSort
395000;7290726;8080725;0.216382;heapSort
396000;7304546;8096545;0.225546;heapSort
397000;7330224;8124223;0.230997;heapSort
398000;7349318;8145317;0.218936;heapSort
399000;7369786;8167785;0.219764;heapSort
400000;7383468;8183467;0.222106;heapSort
401000;7409300;8211299;0.229115;heapSort
402000;7428222;8232221;0.240934;heapSort
403000;7448874;8254873;0.228751;heapSort
404000;7462320;8270319;0.223166;heapSort
405000;7488354;8298353;0.234963;heapSort
406000;7507146;8319145;0.230996;heapSort
407000;7527916;8341915;0.231626;heapSort
408000;7541234;8357233;0.225821;heapSort
409000;7567424;8385423;0.226177;heapSort
410000;7586116;8406115;0.228249;heapSort
411000;7606992;8428991;0.244859;heapSort
412000;7620126;8444125;0.226473;heapSort
413000;7646500;8472499;0.229387;heapSort
414000;7665034;8493033;0.257183;heapSort
415000;7686056;8516055;0.230414;heapSort
416000;7699006;8531005;0.243628;heapSort
417000;7725582;8559581;0.237351;heapSort
418000;7743954;8579953;0.236289;heapSort
419000;7765120;8603119;0.233571;heapSort
420000;7777906;8617905;0.235586;heapSort
421000;7804660;8646659;0.234879;heapSort
422000;7822848;8666847;0.235688;heapSort
423000;7844194;8690193;0.251481;heapSort
424000;7856772;8704771;0.242101;heapSort
425000;7883720;8733719;0.242445;heapSort
426000;7901810;8753809;0.241911;heapSort
427000;7923226;8777225;0.240718;heapSort
428000;7935650;8791649;0.236704;heapSort
429000;7962722;8820721;0.249434;heapSort
430000;7980706;8840705;0.241919;heapSort
431000;8002310;8864309;0.241298;heapSort
432000;8014532;8878531;0.239207;heapSort
433000;8041812;8907811;0.239626;heapSort
434000;8059670;8927669;0.246951;heapSort
435000;8081394;8951393;0.255694;heapSort
436000;8093444;8965443;0.254370;heapSort
437000;8120858;8994857;0.241905;heapSort
438000;8138584;9014583;0.246944;heapSort
439000;8160450;9038449;0.249232;heapSort
440000;8172320;9052319;0.245807;heapSort
441000;8199960;9081959;0.265041;heapSort
442000;8217502;9101501;0.244578;heapSort
443000;8239522;9125521;0.258974;heapSort
444000;8251246;9139245;0.253310;heapSort
445000;8279008;9169007;0.246509;heapSort
446000;8296416;9188415;0.248937;heapSort
447000;8318592;9212591;0.253499;heapSort
448000;8330144;9226143;0.250949;heapSort
449000;8358100;9256099;0.251198;heapSort
450000;8375356;9275355;0.250069;heapSort
451000;8397658;9299657;0.248832;heapSort
452000;8409002;9313001;0.260565;heapSort
453000;8437182;9343181;0.256202;heapSort
454000;8454274;9362273;0.271654;heapSort
455000;8476720;9386719;0.263195;heapSort
456000;8487906;9399905;0.261846;heapSort
457000;8516264;9430263;0.261843;heapSort
458000;8533238;9449237;0.260377;heapSort
459000;8555776;9473775;0.268504;heapSort
460000;8566780;9486779;0.257133;heapSort
461000;8595292;9517291;0.257592;heapSort
462000;8614890;9538889;0.257170;heapSort
463000;8634844;9560843;0.260275;heapSort
464000;8645676;9573675;0.258074;heapSort
465000;8674380;9604379;0.265676;heapSort
466000;8693772;9625771;0.260453;heapSort
467000;8713920;9647919;0.259964;heapSort
468000;8724562;9660561;0.260029;heapSort
469000;8753466;9691465;0.271184;heapSort
470000;8772648;9712647;0.272272;heapSort
471000;8792986;9734985;0.266916;heapSort
472000;8803466;9747465;0.272345;heapSort
473000;8832462;9778461;0.266275;heapSort
474000;8851572;9799571;0.265375;heapSort
475000;8872064;9822063;0.284255;heapSort
476000;8882346;9834345;0.265109;heapSort
477000;8911540;9865539;0.274387;heapSort
478000;8930424;9886423;0.270598;heapSort
479000;8951112;9909111;0.271636;heapSort
480000;8961232;9921231;0.268486;heapSort
481000;8990622;9952621;0.274301;heapSort
482000;9009382;9973381;0.278253;heapSort
483000;9030178;9996177;0.270437;heapSort
484000;9040128;10008127;0.272215;heapSort
485000;9069684;10039683;0.278713;heapSort
486000;9088248;10060247;0.277599;heapSort
487000;9109250;10083249;0.271567;heapSort
488000;9119038;10095037;0.271514;heapSort
489000;9148762;10126761;0.275625;heapSort
490000;9167158;10147157;0.278686;heapSort
491000;9188314;10170313;0.282452;heapSort
492000;9197904;10181903;0.280147;heapSort
493000;9227822;10213821;0.287082;heapSort
494000;9246080;10234079;0.280853;heapSort
495000;9267370;10257369;0.297381;heapSort
496000;9276806;10268805;0.279576;heapSort
497000;9306912;10300911;0.281400;heapSort
498000;9324984;10320983;0.285349;heapSort
499000;9346450;10344449;0.297954;heapSort
500000;9355700;10355699;0.293004;heapSort
501000;9385978;10387977;0.292477;heapSort
502000;9403870;10407869;0.286064;heapSort
503000;9425520;10431519;0.296202;heapSort
504000;9434560;10442559;0.285017;heapSort
505000;9465050;10475049;0.296670;heapSort
506000;9482746;10494745;0.286569;heapSort
507000;9504600;10518599;0.286283;heapSort
508000;9513476;10529475;0.290923;heapSort
509000;9544134;10562133;0.292264;heapSort
510000;9561678;10581677;0.293061;heapSort
511000;9583654;10605653;0.286809;heapSort
512000;9592336;10616335;0.297389;heapSort
513000;9623160;10649159;0.305587;heapSort
514000;9640562;10668561;0.290114;heapSort
515000;9662720;10692719;0.296110;heapSort
516000;9671242;10703241;0.295365;heapSort
517000;9702230;10736229;0.318314;heapSort
518000;9719474;10755473;0.299219;heapSort
519000;9741804;10779803;0.298661;heapSort
520000;9750128;10790127;0.297613;heapSort
521000;9781308;10823307;0.294718;heapSort
522000;9798346;10842345;0.294228;heapSort
523000;9820866;10866865;0.297160;heapSort
524000;9829038;10877037;0.307541;heapSort
525000;9861198;10911197;0.306123;heapSort
526000;9882098;10934097;0.298169;heapSort
527000;9903028;10957027;0.295296;heapSort
528000;9923932;10979931;0.319539;heapSort
529000;9944800;11002799;0.318131;heapSort
530000;9965678;11025677;0.330650;heapSort
531000;9986598;11048597;0.313453;heapSort
532000;10007504;11071503;0.304384;heapSort
533000;10028390;11094389;0.312381;heapSort
534000;10049318;11117317;0.301062;heapSort
535000;10070154;11140153;0.305090;heapSort
536000;10091102;11163101;0.308685;heapSort
537000;10111960;11185959;0.306119;heapSort
538000;10132900;11208899;0.303607;heapSort
539000;10153782;11231781;0.307756;heapSort
541000;10195580;11277579;0.305601;heapSort
542000;10216448;11300447;0.310167;heapSort
543000;10237426;11323425;0.315741;heapSort
544000;10258296;11346295;0.312044;heapSort
545000;10279166;11369165;0.310474;heapSort
546000;10300114;11392113;0.311585;heapSort
547000;10320988;11414987;0.308576;heapSort
548000;10341894;11437893;0.309291;heapSort
549000;10362730;11460729;0.309401;heapSort
550000;10383670;11483669;0.310374;heapSort
551000;10404574;11506573;0.309830;heapSort
552000;10425438;11529437;0.317897;heapSort
553000;10446396;11552395;0.323493;heapSort
554000;10467220;11575219;0.313674;heapSort
555000;10488094;11598093;0.319498;heapSort
556000;10509090;11621089;0.326946;heapSort
557000;10529932;11643931;0.333046;heapSort
558000;10550860;11666859;0.317275;heapSort
559000;10571810;11689809;0.320183;heapSort
560000;10592760;11712759;0.321192;heapSort
561000;10613614;11735613;0.320571;heapSort
562000;10634518;11758517;0.323060;heapSort
563000;10655388;11781387;0.340441;heapSort
564000;10676324;11804323;0.322130;heapSort
565000;10697126;11827125;0.321048;heapSort
566000;10718106;11850105;0.328916;heapSort
567000;10738992;11872991;0.327964;heapSort
568000;10759934;11895933;0.321154;heapSort
569000;10780716;11918715;0.326371;heapSort
570000;10801624;11941623;0.333565;heapSort
571000;10822500;11964499;0.335423;heapSort
572000;10843504;11987503;0.325559;heapSort
573000;10864294;12010293;0.328998;heapSort
574000;10885200;12033199;0.328150;heapSort
575000;10906188;12056187;0.331971;heapSort
576000;10927156;12079155;0.327534;heapSort
577000;10947882;12101881;0.345287;heapSort
578000;10968902;12124901;0.326718;heapSort
579000;10989788;12147787;0.329101;heapSort
580000;11010724;12170723;0.334286;heapSort
581000;11031480;12193479;0.340786;heapSort
582000;11052428;12216427;0.336176;heapSort
583000;11073370;12239369;0.334526;heapSort
584000;11094200;12262199;0.332995;heapSort
585000;11115058;12285057;0.337478;heapSort
586000;11135980;12307979;0.337767;heapSort
587000;11156876;12330875;0.344607;heapSort
588000;11177924;12353923;0.334398;heapSort
589000;11198642;12376641;0.340960;heapSort
590000;11219590;12399589;0.339267;heapSort
591000;11240568;12422567;0.342109;heapSort
592000;11261510;12445509;0.337083;heapSort
593000;11282392;12468391;0.337459;heapSort
594000;11303318;12491317;0.344380;heapSort
595000;11324166;12514165;0.349305;heapSort
596000;11345074;12537073;0.338194;heapSort
597000;11365856;12559855;0.345260;heapSort
598000;11386890;12582889;0.339970;heapSort
599000;11407770;12605769;0.348006;heapSort
600000;11428704;12628703;0.344639;heapSort
601000;11449426;12651425;0.341386;heapSort
602000;11470350;12674349;0.341760;heapSort
603000;11491218;12697217;0.346943;heapSort
604000;11512328;12720327;0.342594;heapSort
605000;11532982;12742981;0.350701;heapSort
606000;11553912;12765911;0.348361;heapSort
607000;11574972;12788971;0.353480;heapSort
608000;11595918;12811917;0.344419;heapSort
609000;11616628;12834627;0.346375;heapSort
610000;11637704;12857703;0.370638;heapSort
611000;11658596;12880595;0.360376;heapSort
612000;11679460;12903459;0.351720;heapSort
613000;11700230;12926229;0.355899;heapSort
614000;11721138;12949137;0.351260;heapSort
615000;11742178;12972177;0.354183;heapSort
616000;11762926;12994925;0.362599;heapSort
617000;11783814;13017813;0.354718;heapSort
618000;11804688;13040687;0.348811;heapSort
619000;11825612;13063611;0.352846;heapSort
620000;11846694;13086693;0.358452;heapSort
621000;11867412;13109411;0.375002;heapSort
622000;11888324;13132323;0.366907;heapSort
623000;11909344;13155343;0.354512;heapSort
624000;11930346;13178345;0.356346;heapSort
625000;11951022;13201021;0.355288;heapSort
626000;11972086;13224085;0.356140;heapSort
627000;11992960;13246959;0.356050;heapSort
628000;12013866;13269865;0.361613;heapSort
629000;12034594;13292593;0.368837;heapSort
630000;12055696;13315695;0.387995;heapSort
631000;12076576;13338575;0.372577;heapSort
632000;12097520;13361519;0.371915;heapSort
633000;12118176;13384175;0.365081;heapSort
634000;12139084;13407083;0.366827;heapSort
635000;12159970;13429969;0.363709;heapSort
636000;12181090;13453089;0.362709;heapSort
637000;12201762;13475761;0.370292;heapSort
638000;12222700;13498699;0.383201;heapSort
639000;12243586;13521585;0.363941;heapSort
640000;12264710;13544709;0.374393;heapSort
641000;12285338;13567337;0.366306;heapSort
642000;12306496;13590495;0.371888;heapSort
643000;12327384;13613383;0.373772;heapSort
644000;12348264;13636263;0.383300;heapSort
645000;12368996;13658995;0.378490;heapSort
646000;12389892;13681891;0.377622;heapSort
647000;12410992;13704991;0.374500;heapSort
648000;12431650;13727649;0.403284;heapSort
649000;12452522;13750521;0.374729;heapSort
650000;12473428;13773427;0.374609;heapSort
651000;12494356;13796355;0.376848;heapSort
652000;12515500;13819499;0.374336;heapSort
653000;12536148;13842147;0.388460;heapSort
654000;12557044;13865043;0.383389;heapSort
655000;12578420;13888419;0.393523;heapSort
656000;12599122;13911121;0.394368;heapSort
657000;12619978;13933977;0.388291;heapSort
658000;12640898;13956897;0.387526;heapSort
659000;12661788;13979787;0.388479;heapSort
660000;12682466;14002465;0.382961;heapSort
661000;12703320;14025319;0.407900;heapSort
662000;12724260;14048259;0.386935;heapSort
663000;12745388;14071387;0.386832;heapSort
664000;12766290;14094289;0.403400;heapSort
665000;12786912;14116911;0.379584;heapSort
666000;12807840;14139839;0.391358;heapSort
667000;12828762;14162761;0.393400;heapSort
668000;12849888;14185887;0.386945;heapSort
669000;12870484;14208483;0.389681;heapSort
670000;12891390;14231389;0.393565;heapSort
671000;12912376;14254375;0.394719;heapSort
672000;12933504;14277503;0.388481;heapSort
673000;12954124;14300123;0.384677;heapSort
674000;12975318;14323317;0.391612;heapSort
675000;12996200;14346199;0.388886;heapSort
676000;13016848;14368847;0.392417;heapSort
677000;13037710;14391709;0.387269;heapSort
678000;13058624;14414623;0.400038;heapSort
679000;13079808;14437807;0.401709;heapSort
680000;13100408;14460407;0.390510;heapSort
681000;13121288;14483287;0.410546;heapSort
682000;13142184;14506183;0.405935;heapSort
683000;13163040;14529039;0.397808;heapSort
684000;13184260;14552259;0.395895;heapSort
685000;13204896;14574895;0.401836;heapSort
686000;13225808;14597807;0.408833;heapSort
687000;13246742;14620741;0.394441;heapSort
688000;13267900;14643899;0.396442;heapSort
689000;13288516;14666515;0.402246;heapSort
690000;13309704;14689703;0.409906;heapSort
691000;13330594;14712593;0.403006;heapSort
692000;13351272;14735271;0.403539;heapSort
693000;13372088;14758087;0.409729;heapSort
694000;13393064;14781063;0.410330;heapSort
695000;13414188;14804187;0.410230;heapSort
696000;13435108;14827107;0.413849;heapSort
697000;13455660;14849659;0.409059;heapSort
698000;13476574;14872573;0.404093;heapSort
699000;13497456;14895455;0.410792;heapSort
700000;13518734;14918733;0.415487;heapSort
701000;13539282;14941281;0.409377;heapSort
702000;13560184;14964183;0.410209;heapSort
703000;13581154;14987153;0.412660;heapSort
704000;13602294;15010293;0.416655;heapSort
705000;13622838;15032837;0.417223;heapSort
706000;13644082;15056081;0.424782;heapSort
707000;13664984;15078983;0.411046;heapSort
708000;13685666;15101665;0.417548;heapSort
709000;13706432;15124431;0.410262;heapSort
710000;13727330;15147329;0.425336;heapSort
711000;13748596;15170595;0.421740;heapSort
712000;13769144;15193143;0.413532;heapSort
713000;13790032;15216031;0.418729;heapSort
714000;13810916;15238915;0.431024;heapSort
715000;13831830;15261829;0.417761;heapSort
716000;13853110;15285109;0.420621;heapSort
717000;13873614;15307613;0.414352;heapSort
718000;13894538;15330537;0.417943;heapSort
719000;13915534;15353533;0.424088;heapSort
720000;13936706;15376705;0.416354;heapSort
721000;13957220;15399219;0.417517;heapSort
722000;13978474;15422473;0.431695;heapSort
723000;13999400;15445399;0.422656;heapSort
724000;14020072;15468071;0.431511;heapSort
725000;14040782;15490781;0.431740;heapSort
726000;14061838;15513837;0.435473;heapSort
727000;14083014;15537013;0.431516;heapSort
728000;14103912;15559911;0.424045;heapSort
729000;14124388;15582387;0.432370;heapSort
730000;14145316;15605315;0.431613;heapSort
731000;14166220;15628219;0.431882;heapSort
732000;14187522;15651521;0.430704;heapSort
733000;14207964;15673963;0.433330;heapSort
734000;14228906;15696905;0.435624;heapSort
735000;14249940;15719939;0.446459;heapSort
736000;14271098;15743097;0.447287;heapSort
737000;14291604;15765603;0.456230;heapSort
738000;14312892;15788891;0.429316;heapSort
739000;14333820;15811819;0.433017;heapSort
740000;14354460;15834459;0.434086;heapSort
741000;14375190;15857189;0.443780;heapSort
742000;14396102;15880101;0.453940;heapSort
743000;14417366;15903365;0.428296;heapSort
744000;14437874;15925873;0.436554;heapSort
745000;14458790;15948789;0.436184;heapSort
746000;14479676;15971675;0.438965;heapSort
747000;14500548;15994547;0.442658;heapSort
748000;14521866;16017865;0.447344;heapSort
749000;14542354;16040353;0.435722;heapSort
750000;14563298;16063297;0.442201;heapSort
751000;14584320;16086319;0.434839;heapSort
752000;14605474;16109473;0.438332;heapSort
753000;14625922;16131921;0.441487;heapSort
754000;14647310;16155309;0.441718;heapSort
755000;14668196;16178195;0.449435;heapSort
756000;14688850;16200849;0.465724;heapSort
757000;14709570;16223569;0.458116;heapSort
758000;14730642;16246641;0.453525;heapSort
759000;14751764;16269763;0.452580;heapSort
760000;14772708;16292707;0.457434;heapSort
761000;14793174;16315173;0.459940;heapSort
762000;14814058;16338057;0.457328;heapSort
763000;14834956;16360955;0.459532;heapSort
764000;14856270;16384269;0.458336;heapSort
765000;14876728;16406727;0.450705;heapSort
766000;14897610;16429609;0.460879;heapSort
767000;14918700;16452699;0.480524;heapSort
768000;14939904;16475903;0.455257;heapSort
769000;14960298;16498297;0.466658;heapSort
770000;14981692;16521691;0.452849;heapSort
771000;15002600;16544599;0.454785;heapSort
772000;15023210;16567209;0.470305;heapSort
773000;15043898;16589897;0.461080;heapSort
774000;15064836;16612835;0.466270;heapSort
775000;15086180;16636179;0.455056;heapSort
776000;15106644;16658643;0.456160;heapSort
777000;15127480;16681479;0.457021;heapSort
778000;15148432;16704431;0.463714;heapSort
779000;15169310;16727309;0.460498;heapSort
780000;15190680;16750679;0.470816;heapSort
781000;15211060;16773059;0.467865;heapSort
782000;15231992;16795991;0.465951;heapSort
783000;15253092;16819091;0.465628;heapSort
784000;15274274;16842273;0.463112;heapSort
785000;15295174;16865173;0.472687;heapSort
786000;15316068;16888067;0.501253;heapSort
787000;15336978;16910977;0.470651;heapSort
788000;15357426;16933425;0.464108;heapSort
789000;15378278;16956277;0.472164;heapSort
790000;15399206;16979205;0.484343;heapSort
791000;15420582;17002581;0.469002;heapSort
792000;15441512;17025511;0.471402;heapSort
793000;15461868;17047867;0.466387;heapSort
794000;15482828;17070827;0.462468;heapSort
795000;15503700;17093699;0.476733;heapSort
796000;15525132;17117131;0.477321;heapSort
797000;15545456;17139455;0.496424;heapSort
798000;15566346;17162345;0.478468;heapSort
799000;15587320;17185319;0.469990;heapSort
800000;15608700;17208699;0.484348;heapSort
801000;15629086;17231085;0.495752;heapSort
802000;15650504;17254503;0.477654;heapSort
803000;15671396;17277395;0.482965;heapSort
804000;15691798;17299797;0.477414;heapSort
805000;15712660;17322659;0.481781;heapSort
806000;15733588;17345587;0.480724;heapSort
807000;15754990;17368989;0.483091;heapSort
808000;15775358;17391357;0.482545;heapSort
809000;15796250;17414249;0.492805;heapSort
810000;15817142;17437141;0.480419;heapSort
811000;15838026;17460025;0.485614;heapSort
812000;15859490;17483489;0.490983;heapSort
813000;15879850;17505849;0.479697;heapSort
814000;15900760;17528759;0.501272;heapSort
815000;15921728;17551727;0.485698;heapSort
816000;15943102;17575101;0.484499;heapSort
817000;15963408;17597407;0.486508;heapSort
818000;15984862;17620861;0.486440;heapSort
819000;16005744;17643743;0.486443;heapSort
820000;16026226;17666225;0.482889;heapSort
821000;16047030;17689029;0.483135;heapSort
822000;16068010;17712009;0.493563;heapSort
823000;16089414;17735413;0.488422;heapSort
824000;16110332;17758331;0.492764;heapSort
825000;16130634;17780633;0.486673;heapSort
826000;16151538;17803537;0.509169;heapSort
827000;16172400;17826399;0.485929;heapSort
828000;16193918;17849917;0.489758;heapSort
829000;16214224;17872223;0.496394;heapSort
830000;16235136;17895135;0.504718;heapSort
831000;16256112;17918111;0.493478;heapSort
832000;16277488;17941487;0.494348;heapSort
833000;16297788;17963787;0.499902;heapSort
834000;16319272;17987271;0.503737;heapSort
835000;16340172;18010171;0.507311;heapSort
836000;16360594;18032593;0.497777;heapSort
837000;16381410;18055409;0.496692;heapSort
838000;16402300;18078299;0.494261;heapSort
839000;16423810;18101809;0.492675;heapSort
840000;16444082;18124081;0.497513;heapSort
841000;16464984;18146983;0.501554;heapSort
842000;16485864;18169863;0.508964;heapSort
843000;16506800;18192799;0.502557;heapSort
844000;16528306;18216305;0.505598;heapSort
845000;16548524;18238523;0.505873;heapSort
846000;16569486;18261485;0.513555;heapSort
847000;16590472;18284471;0.510699;heapSort
848000;16611902;18307901;0.511036;heapSort
849000;16632786;18330785;0.510933;heapSort
850000;16653666;18353665;0.511048;heapSort
851000;16674578;18376577;0.520639;heapSort
852000;16694988;18398987;0.520262;heapSort
853000;16715772;18421771;0.504013;heapSort
854000;16736802;18444801;0.513062;heapSort
855000;16758202;18468201;0.537344;heapSort
856000;16779114;18491113;0.524382;heapSort
857000;16799314;18513313;0.523288;heapSort
858000;16820262;18536261;0.509107;heapSort
859000;16841170;18559169;0.522926;heapSort
860000;16862702;18582701;0.509262;heapSort
861000;16882930;18604929;0.513739;heapSort
862000;16903834;18627833;0.514031;heapSort
863000;16924884;18650883;0.517208;heapSort
864000;16946318;18674317;0.518698;heapSort
865000;16966514;18696513;0.539323;heapSort
866000;16988082;18720081;0.512224;heapSort
867000;17008976;18742975;0.532828;heapSort
868000;17029360;18765359;0.526204;heapSort
869000;17050138;18788137;0.532748;heapSort
870000;17071058;18811057;0.524873;heapSort
871000;17092598;18834597;0.517894;heapSort
872000;17112836;18856835;0.537810;heapSort
873000;17133726;18879725;0.522606;heapSort
874000;17154584;18902583;0.520929;heapSort
875000;17175490;18925489;0.520343;heapSort
876000;17197084;18949083;0.521385;heapSort
877000;17217326;18971325;0.523222;heapSort
878000;17238220;18994219;0.518948;heapSort
879000;17259258;19017257;0.521907;heapSort
880000;17280692;19040691;0.530639;heapSort
881000;17300862;19062861;0.544246;heapSort
882000;17322486;19086485;0.529180;heapSort
883000;17343398;19109397;0.519271;heapSort
884000;17363728;19131727;0.538028;heapSort
885000;17384526;19154525;0.529454;heapSort
886000;17405582;19177581;0.532392;heapSort
887000;17426998;19200997;0.560209;heapSort
888000;17447926;19223925;0.534367;heapSort
889000;17468102;19246101;0.526998;heapSort
890000;17488998;19268997;0.570476;heapSort
891000;17509918;19291917;0.523149;heapSort
892000;17531532;19315531;0.549475;heapSort
893000;17551688;19337687;0.538002;heapSort
894000;17572580;19360579;0.547433;heapSort
895000;17593658;19383657;0.539584;heapSort
896000;17615092;19407091;0.538509;heapSort
897000;17635272;19429271;0.537994;heapSort
898000;17656872;19452871;0.533147;heapSort
899000;17677786;19475785;0.546149;heapSort
900000;17698192;19498191;0.542383;heapSort
901000;17718844;19520843;0.535411;heapSort
902000;17739798;19543797;0.533214;heapSort
903000;17761392;19567391;0.549759;heapSort
904000;17781580;19589579;0.533130;heapSort
905000;17802454;19612453;0.571174;heapSort
906000;17823368;19635367;0.539118;heapSort
907000;17844262;19658261;0.544930;heapSort
908000;17865904;19681903;0.542869;heapSort
909000;17886020;19704019;0.542540;heapSort
910000;17906952;19726951;0.552111;heapSort
911000;17928026;19750025;0.539524;heapSort
912000;17949520;19773519;0.556229;heapSort
913000;17970370;19796369;0.564031;heapSort
914000;17991290;19819289;0.547092;heapSort
915000;18012180;19842179;0.547661;heapSort
916000;18032586;19864585;0.557226;heapSort
917000;18053234;19887233;0.547174;heapSort
918000;18074156;19910155;0.541120;heapSort
919000;18095808;19933807;0.550226;heapSort
920000;18116700;19956699;0.563319;heapSort
921000;18136828;19978827;0.558271;heapSort
922000;18157756;20001755;0.541652;heapSort
923000;18178652;20024651;0.556864;heapSort
924000;18200302;20048301;0.577477;heapSort
925000;18220380;20070379;0.561098;heapSort
926000;18241356;20093355;0.545154;heapSort
927000;18262252;20116251;0.559307;heapSort
928000;18283892;20139891;0.557174;heapSort
929000;18304052;20162051;0.560010;heapSort
930000;18325706;20185705;0.553482;heapSort
931000;18346608;20208607;0.579392;heapSort
932000;18366762;20230761;0.604448;heapSort
933000;18387650;20253649;0.585458;heapSort
934000;18408528;20276527;0.573161;heapSort
935000;18430168;20300167;0.585491;heapSort
936000;18450308;20322307;0.566884;heapSort
937000;18471210;20345209;0.558190;heapSort
938000;18492116;20368115;0.567188;heapSort
939000;18512982;20390981;0.565017;heapSort
940000;18534674;20414673;0.563652;heapSort
941000;18554796;20436795;0.560156;heapSort
942000;18575710;20459709;0.558254;heapSort
943000;18596606;20482605;0.565134;heapSort
944000;18618306;20506305;0.562445;heapSort
945000;18638356;20528355;0.574170;heapSort
946000;18660068;20552067;0.569709;heapSort
947000;18680988;20574987;0.579013;heapSort
948000;18701112;20597111;0.570136;heapSort
949000;18722012;20620011;0.631584;heapSort
950000;18742946;20642945;0.571510;heapSort
951000;18764582;20666581;0.593109;heapSort
952000;18785512;20689511;0.580786;heapSort
953000;18805570;20711569;0.680260;heapSort
954000;18826510;20734509;0.677900;heapSort
955000;18847396;20757395;0.679734;heapSort
956000;18869140;20781139;0.676897;heapSort
957000;18889192;20803191;0.682954;heapSort
958000;18910116;20826115;0.748945;heapSort
959000;18931030;20849029;0.673268;heapSort
960000;18952700;20872699;0.682428;heapSort
961000;18972766;20894765;0.689914;heapSort
962000;18994498;20918497;0.642488;heapSort
963000;19015392;20941391;0.600914;heapSort
964000;19035558;20963557;0.588997;heapSort
965000;19056358;20986357;0.582918;heapSort
966000;19077280;21009279;0.589736;heapSort
967000;19098990;21032989;0.592186;heapSort
968000;19119076;21055075;0.587133;heapSort
969000;19139932;21077931;0.591668;heapSort
970000;19160846;21100845;0.592443;heapSort
971000;19181736;21123735;0.609359;heapSort
972000;19203484;21147483;0.588905;heapSort
973000;19223528;21169527;0.595618;heapSort
974000;19244438;21192437;0.605672;heapSort
975000;19265424;21215423;0.594708;heapSort
976000;19287068;21239067;0.583820;heapSort
977000;19307134;21261133;0.585234;heapSort
978000;19328866;21284865;0.611323;heapSort
979000;19349772;21307771;0.598876;heapSort
980000;19369934;21329933;0.584153;heapSort
981000;19390700;21352699;0.601424;heapSort
982000;19411698;21375697;0.596457;heapSort
983000;19433360;21399359;0.585402;heapSort
984000;19454300;21422299;0.589321;heapSort
985000;19474318;21444317;0.607283;heapSort
986000;19495238;21467237;0.595327;heapSort
987000;19516132;21490131;0.601242;heapSort
988000;19537912;21513911;0.606529;heapSort
989000;19557888;21535887;0.592515;heapSort
990000;19578796;21558795;0.589860;heapSort
991000;19599838;21581837;0.593995;heapSort
992000;19621466;21605465;0.594860;heapSort
993000;19641516;21627515;0.595691;heapSort
994000;19663294;21651293;0.612028;heapSort
995000;19684214;21674213;0.607124;heapSort
996000;19704322;21696321;0.598378;heapSort
997000;19725120;21719119;0.621311;heapSort
998000;19746014;21742013;0.605683;heapSort
999000;19767776;21765775;0.641766;heapSort
1000000;19787792;21787791;0.629007;heapSort
